id,name,size,subcategory_id
81dda41d-8d6b-4b5c-8792-0e2cf675baa7,3/4 مم 25 مانع ارتداد أسود بﻼكور أنثي,مانع,0e3dc801-94e4-4c20-8dcb-d5289f22ec11
20664613-94f8-4c3d-a1bb-1a296e74290f,3/4 مم 25 مانع ارتداد أسود بﻼكور ذكر,مانع,0e3dc801-94e4-4c20-8dcb-d5289f22ec11
637d2d58-fe9c-4faa-bdf4-944fcf27e021,UVمم بسوكت أسود 50/مم 25 بطارية قصيرة لحام,لحام,0e3dc801-94e4-4c20-8dcb-d5289f22ec11
2d29422b-7f93-4d45-a18e-c2efc7648687,UVمم بسوكت أسود 50/مم 32 بطارية قصيرة لحام,لحام,0e3dc801-94e4-4c20-8dcb-d5289f22ec11
49e80157-60e7-4193-bfb8-350d33449c74,UVمم بسوكت أسود 63/مم 25 بطارية قصيرة لحام,لحام,0e3dc801-94e4-4c20-8dcb-d5289f22ec11
41cd09bf-5c94-4848-8eca-eed39e6ffb31,UVمم بسوكت أسود 63/مم 32 بطارية قصيرة لحام,لحام,0e3dc801-94e4-4c20-8dcb-d5289f22ec11
043770d8-c674-4588-8677-65321c03bb02,UVمم لحام بدون سوكت أسود 32/مم 50 بطارية,32/مم,0e3dc801-94e4-4c20-8dcb-d5289f22ec11
3b967039-d776-4559-b2ba-57a0fd0c2cbc,UVمم لحام بدون سوكت أسود 32/مم 63 بطارية,32/مم,0e3dc801-94e4-4c20-8dcb-d5289f22ec11
aeecec74-3b05-4c19-9a1f-8a49def64426,UVمم لحام بسوكت أسود 32/مم 50 بطارية,32/مم,0e3dc801-94e4-4c20-8dcb-d5289f22ec11
d5530a36-7e2e-41e7-8164-6acb6bba5f63,UVمم لحام بسوكت أسود 32/مم 63 بطارية,32/مم,0e3dc801-94e4-4c20-8dcb-d5289f22ec11
ab915cc1-ad19-46e7-bb1a-5c121736a84e,بردة لحام محبس بلية PP-R 20 مم,مم,0e3dc801-94e4-4c20-8dcb-d5289f22ec11
6bf872e2-ef4c-4afc-a4f1-3065c98f64ba,بردة لحام محبس بلية PP-R 20 مم أسود,مم,0e3dc801-94e4-4c20-8dcb-d5289f22ec11
276c3e6a-62e3-4622-8692-55da67a4e344,بردة لحام محبس بلية PP-R 25 مم,مم,0e3dc801-94e4-4c20-8dcb-d5289f22ec11
da16547b-0403-4d7d-8336-556d24f6067a,بردة لحام محبس بلية PP-R 25 مم أسود,مم,0e3dc801-94e4-4c20-8dcb-d5289f22ec11
371c9d11-fae7-4b50-8232-f8add032459c,بردة لحام محبس بلية PP-R 32 مم,مم,0e3dc801-94e4-4c20-8dcb-d5289f22ec11
7d6306ff-4498-4658-97d4-86b0e6756024,بردة لحام محبس بلية PP-R 32 مم أسود,مم,0e3dc801-94e4-4c20-8dcb-d5289f22ec11
503762ea-3e21-454d-8595-d943fcb26683,بردة لحام محبس بلية PP-R 50 مم,مم,0e3dc801-94e4-4c20-8dcb-d5289f22ec11
11586936-9ea9-4380-a9d8-0a43d7ccfc4c,بردة لحام محبس بلية PP-R 50 مم أسود,مم,0e3dc801-94e4-4c20-8dcb-d5289f22ec11
1ec591b1-b761-4cc8-9b55-0dc7c6c3de77,بردة لحام محبس بلية PP-R 63 مم,مم,0e3dc801-94e4-4c20-8dcb-d5289f22ec11
d0ba2021-07ae-4c51-a7f7-d1d0cd0621b1,بردة لحام محبس بلية PP-R 63 مم أسود,مم,0e3dc801-94e4-4c20-8dcb-d5289f22ec11
1b291e83-6b20-4d5e-b653-6a8098f0a7e7,بردة لحام محبس بلية PP-R 63 مم أسود,مم,0e3dc801-94e4-4c20-8dcb-d5289f22ec11
a1a9cdf7-5454-4bb9-b336-028e019324fb,بطارية متغيرة بسن 1/2 × 20 مم,مم,0e3dc801-94e4-4c20-8dcb-d5289f22ec11
b987396e-5361-4492-855f-0741fcc74a6c,بطارية متغيرة بسن 1/2 × 25 مم,مم,0e3dc801-94e4-4c20-8dcb-d5289f22ec11
f0c7ff82-42e9-4a9e-b68d-efeac11b0df2,بوصة 3/4 مم 25 مانع ارتداد بﻼكور أنثي,مانع,0e3dc801-94e4-4c20-8dcb-d5289f22ec11
0f1f0190-3ce0-4470-85cf-ef8dca61c19c,بوصة 3/4 مم 25 مانع ارتداد بﻼكور ذكر,مانع,0e3dc801-94e4-4c20-8dcb-d5289f22ec11
630e98d9-b615-4146-8afe-9f225eac10b8,تي بسن خارجي 1/2 × 20 مم,مم,0e3dc801-94e4-4c20-8dcb-d5289f22ec11
91297176-5776-40d5-a721-516d2c6a9b1c,تي بسن خارجي 1/2 × 25 مم,مم,0e3dc801-94e4-4c20-8dcb-d5289f22ec11
e3a3641d-85b0-41fb-b6f0-674c2f5260c0,تي بسن خارجي 3/4 × 20 مم,مم,0e3dc801-94e4-4c20-8dcb-d5289f22ec11
7a881bf1-a564-4dd3-81e6-ff14ac1e7943,تي بسن خارجي 3/4 × 25 مم,مم,0e3dc801-94e4-4c20-8dcb-d5289f22ec11
ad2b26b1-3793-4d8d-9a0c-b3a0ab628464,تي بسن داخلي 1 × 32 مم,مم,0e3dc801-94e4-4c20-8dcb-d5289f22ec11
f055ffef-aa8a-4618-9c76-0c5bed78bf45,تي بسن داخلي 1 × 32 مم,مم,0e3dc801-94e4-4c20-8dcb-d5289f22ec11
f988854e-495d-4b3b-88e9-eae1bbc23dca,تي بسن داخلي 1/2 × 20 مم,مم,0e3dc801-94e4-4c20-8dcb-d5289f22ec11
877eaf95-8e53-4d00-b72f-f4ad1acb04d8,تي بسن داخلي 1/2 × 25 مم,مم,0e3dc801-94e4-4c20-8dcb-d5289f22ec11
816e8f9c-844b-4c8f-90b3-cab07eb76c6d,تي بسن داخلي 3/4 × 25 مم,مم,0e3dc801-94e4-4c20-8dcb-d5289f22ec11
e53571f5-d385-4688-a6ee-30b619c161e8,تي بسن داخلي 3/4 × 32 مم,مم,0e3dc801-94e4-4c20-8dcb-d5289f22ec11
a45ad0f7-8a38-4be8-982f-a2d8a79b8f57,تي بسن داخلي 3/4 × 32 مم,مم,0e3dc801-94e4-4c20-8dcb-d5289f22ec11
af5d77b4-6bc1-4c88-9c9d-f992357ae6ee,تي لحام 110 مم,مم,0e3dc801-94e4-4c20-8dcb-d5289f22ec11
9723d390-b824-4cd1-b669-73448a27c7fd,تي لحام 160 مم,مم,0e3dc801-94e4-4c20-8dcb-d5289f22ec11
2c5d2876-b6f7-4051-9c70-20e2f86d41a6,تي لحام 20 مم,مم,0e3dc801-94e4-4c20-8dcb-d5289f22ec11
be725809-5da2-40aa-8714-aa2c4c2a0940,تي لحام 25 مم,مم,0e3dc801-94e4-4c20-8dcb-d5289f22ec11
7491c710-dd2c-40f7-b9d8-3bbd823becb6,تي لحام 25 مم UV أسود,مم,0e3dc801-94e4-4c20-8dcb-d5289f22ec11
e6d33ff8-0266-4a93-ba55-378ccdabcd30,تي لحام 32 مم,مم,0e3dc801-94e4-4c20-8dcb-d5289f22ec11
738c068b-b353-4805-8eb4-f1443776f7a1,تي لحام 32 مم UV أسود,مم,0e3dc801-94e4-4c20-8dcb-d5289f22ec11
ff324cf9-f9d2-4658-b62f-234cbc68732e,تي لحام 40 مم,مم,0e3dc801-94e4-4c20-8dcb-d5289f22ec11
6feb4a2a-8e9c-46c6-9518-55ce658535b2,تي لحام 40 مم UV أسود,مم,0e3dc801-94e4-4c20-8dcb-d5289f22ec11
46bf120b-8b1d-4b5e-ac66-2bf763c2de27,تي لحام 50 مم,مم,0e3dc801-94e4-4c20-8dcb-d5289f22ec11
a66d53a8-c6a6-444e-98eb-607345424df7,تي لحام 50 مم UV أسود,مم,0e3dc801-94e4-4c20-8dcb-d5289f22ec11
1a0aac6d-fba2-4c06-b40b-048a6ff94a19,تي لحام 63 مم,مم,0e3dc801-94e4-4c20-8dcb-d5289f22ec11
ec89d433-b58a-48ea-8e10-ede492cb9374,تي لحام 63 مم UV أسود,مم,0e3dc801-94e4-4c20-8dcb-d5289f22ec11
0454bf21-859c-4a48-86b1-9d93e4ccec22,تي لحام 75 مم,مم,0e3dc801-94e4-4c20-8dcb-d5289f22ec11
a744627b-9d10-4f4c-bd93-321ae6082f27,تي لحام 90 مم,مم,0e3dc801-94e4-4c20-8dcb-d5289f22ec11
ecac71f9-8e38-453d-8d9e-924d2d8d8f03,تي لحام كورنر 25 مم,مم,0e3dc801-94e4-4c20-8dcb-d5289f22ec11
247becf7-bc94-41a9-a1f8-84015fed8923,تي لحام مسلوب 110/160 مم,مم,0e3dc801-94e4-4c20-8dcb-d5289f22ec11
e6f32f16-1bb9-4f3a-95c6-1cb4ddfce491,تي لحام مسلوب 20/25 مم,مم,0e3dc801-94e4-4c20-8dcb-d5289f22ec11
2aa66aae-bb4d-40d5-951b-4e48b59e7ec5,تي لحام مسلوب 20/32 مم,مم,0e3dc801-94e4-4c20-8dcb-d5289f22ec11
1f0d1f29-e857-4e74-883b-51ba0e456980,تي لحام مسلوب 20/32 مم UV أسود,مم,0e3dc801-94e4-4c20-8dcb-d5289f22ec11
a53376c6-8ede-41c2-a6ef-161fc2921027,تي لحام مسلوب 20/40 مم,مم,0e3dc801-94e4-4c20-8dcb-d5289f22ec11
7e29ba04-4d60-48c5-90f2-b46e1837e938,تي لحام مسلوب 20/50 مم,مم,0e3dc801-94e4-4c20-8dcb-d5289f22ec11
a3504929-b1cf-4398-b56d-d523a34ccdff,تي لحام مسلوب 20/63 مم,مم,0e3dc801-94e4-4c20-8dcb-d5289f22ec11
b4fe8a08-8d5f-4be4-853d-12401996e1fa,تي لحام مسلوب 20/75 مم,مم,0e3dc801-94e4-4c20-8dcb-d5289f22ec11
2ac01c79-0dfb-45b7-a2ff-e9e091ef8f70,تي لحام مسلوب 25/32 مم,مم,0e3dc801-94e4-4c20-8dcb-d5289f22ec11
a24eaa5d-3dbf-493a-b251-95a0b547a387,تي لحام مسلوب 25/32 مم UV أسود,مم,0e3dc801-94e4-4c20-8dcb-d5289f22ec11
afefb76e-6678-421e-8360-331a415d5065,تي لحام مسلوب 25/40 مم,مم,0e3dc801-94e4-4c20-8dcb-d5289f22ec11
e47d1f7a-c4d7-4eca-959e-2d355134dd84,تي لحام مسلوب 25/50 مم,مم,0e3dc801-94e4-4c20-8dcb-d5289f22ec11
60cde354-d015-48ef-ab1c-555c66298089,تي لحام مسلوب 25/50 مم UV أسود,مم,0e3dc801-94e4-4c20-8dcb-d5289f22ec11
93198720-3c5e-48b7-83ca-08f3f451b9f0,تي لحام مسلوب 25/63 مم,مم,0e3dc801-94e4-4c20-8dcb-d5289f22ec11
0de0c09e-497f-4fab-9b15-d59443d378d9,تي لحام مسلوب 25/75 مم,مم,0e3dc801-94e4-4c20-8dcb-d5289f22ec11
4d78ba66-507c-44bb-b798-70f60cb3c7ed,تي لحام مسلوب 32/40 مم,مم,0e3dc801-94e4-4c20-8dcb-d5289f22ec11
eebde17f-0da4-45a7-8240-4b73c4da99cc,تي لحام مسلوب 32/40 مم UV أسود,مم,0e3dc801-94e4-4c20-8dcb-d5289f22ec11
305e0f15-361f-44a7-818e-42c28f182b4b,تي لحام مسلوب 32/50 مم,مم,0e3dc801-94e4-4c20-8dcb-d5289f22ec11
aa59981a-4b0f-4bdb-8a6a-6366a5aab3f4,تي لحام مسلوب 32/50 مم UV أسود,مم,0e3dc801-94e4-4c20-8dcb-d5289f22ec11
c7825803-f771-451c-84b1-295cf86ed46b,تي لحام مسلوب 32/63 مم,مم,0e3dc801-94e4-4c20-8dcb-d5289f22ec11
ac982841-72d7-4dc3-9dbf-47ddf68ac232,تي لحام مسلوب 32/63 مم UV أسود,مم,0e3dc801-94e4-4c20-8dcb-d5289f22ec11
a6d4b492-de2e-4247-acb8-56a984fc793c,تي لحام مسلوب 32/75 مم,مم,0e3dc801-94e4-4c20-8dcb-d5289f22ec11
c119afe0-ba78-43c9-b7d3-4f68ad10a1e0,تي لحام مسلوب 40/50 مم,مم,0e3dc801-94e4-4c20-8dcb-d5289f22ec11
79dde0fc-f1b9-41a8-8b24-0b0501f485ce,تي لحام مسلوب 40/63 مم,مم,0e3dc801-94e4-4c20-8dcb-d5289f22ec11
9b2fdc04-052e-4402-9f6c-2577612a0976,تي لحام مسلوب 40/75 مم,مم,0e3dc801-94e4-4c20-8dcb-d5289f22ec11
d10d8de9-564a-4114-ada1-e9dad7fd0c72,تي لحام مسلوب 50/63 مم,مم,0e3dc801-94e4-4c20-8dcb-d5289f22ec11
85195ffd-4997-4abc-ad1e-71353ce5fabe,تي لحام مسلوب 50/63 مم UV أسود,مم,0e3dc801-94e4-4c20-8dcb-d5289f22ec11
06ade9d5-3ee5-424e-89d6-8902c48a045f,تي لحام مسلوب 50/75 مم,مم,0e3dc801-94e4-4c20-8dcb-d5289f22ec11
c3355886-be4b-468e-9c77-b67f05521a8a,تي لحام مسلوب 63/110 مم,مم,0e3dc801-94e4-4c20-8dcb-d5289f22ec11
03e307c4-debe-4f2c-950f-96d3336ad9c7,تي لحام مسلوب 63/75 مم,مم,0e3dc801-94e4-4c20-8dcb-d5289f22ec11
7693887f-8bf8-4b40-9f56-1f1f7a312beb,تي لحام مسلوب 63/90 مم,مم,0e3dc801-94e4-4c20-8dcb-d5289f22ec11
b2e7f9cf-a35d-4d4a-9c23-85b0b31f065f,تي لحام مسلوب 75/110 مم,مم,0e3dc801-94e4-4c20-8dcb-d5289f22ec11
45db840c-bcb1-4ed6-9ae4-f8c8fddd3549,تي لحام مسلوب 75/90 مم,مم,0e3dc801-94e4-4c20-8dcb-d5289f22ec11
73201a27-89d5-4046-8aae-df1e0362d0d9,تي لحام مسلوب 90/110 مم,مم,0e3dc801-94e4-4c20-8dcb-d5289f22ec11
d7041261-ea8b-4d96-be08-679cd43dcb49,تي لحام مسلوب 90/160 مم,مم,0e3dc801-94e4-4c20-8dcb-d5289f22ec11
3823661d-864a-49e5-85f7-51c45ef29ec8,تي محبس 3/4 × 20 مم,مم,0e3dc801-94e4-4c20-8dcb-d5289f22ec11
3c4268c9-f7e2-453f-955e-ffcccb408fab,تي محبس 3/4 × 25 مم,مم,0e3dc801-94e4-4c20-8dcb-d5289f22ec11
5b3c3d93-3fdc-494e-a6cf-7de852a35c2a,تي محبس 3/4 × 32 مم,مم,0e3dc801-94e4-4c20-8dcb-d5289f22ec11
2b64a908-50d7-4d87-b6bc-72fdbe12ef8a,تي مزدوج بسن داخلي 2/1 × 25 مم,مم,0e3dc801-94e4-4c20-8dcb-d5289f22ec11
e0ebd4e8-4166-4a7b-802d-f77f8d4f5e90,تي مزدوج لحام 25 مم,مم,0e3dc801-94e4-4c20-8dcb-d5289f22ec11
1f831ae9-ad84-4ece-805c-cad48bd13c57,تي مزدوج لحام 25 مم UV أسود,مم,0e3dc801-94e4-4c20-8dcb-d5289f22ec11
132030b9-bfff-4ee9-9a5b-f79d9c253cfe,جلبة بصامولة متحركة 1/2 × 20 مم,مم,0e3dc801-94e4-4c20-8dcb-d5289f22ec11
ed22a5d1-16f7-4f58-b7e4-2e903c02de16,جلبة بصامولة متحركة 3/4 × 20 مم,مم,0e3dc801-94e4-4c20-8dcb-d5289f22ec11
6948b3fe-9a82-4084-b2e1-e27d02ce513d,جلبة بصامولة متحركة 3/4 × 25 مم,مم,0e3dc801-94e4-4c20-8dcb-d5289f22ec11
2760d858-178d-48fb-9fd9-e7c579671756,جلبة لحام 110 مم,مم,0e3dc801-94e4-4c20-8dcb-d5289f22ec11
98b842d7-b5dd-46df-ab8f-632956422bfb,جلبة لحام 20 مم,مم,0e3dc801-94e4-4c20-8dcb-d5289f22ec11
5fd870ca-9ed2-455a-8c7a-3752fcfbcb6a,جلبة لحام 25 مم,مم,0e3dc801-94e4-4c20-8dcb-d5289f22ec11
83a3fa9c-9c07-48ea-9561-1ec35208ff6b,جلبة لحام 25 مم UV أسود,مم,0e3dc801-94e4-4c20-8dcb-d5289f22ec11
fb3ad7ae-54d5-4d67-b793-64a632e3a049,جلبة لحام 32 مم,مم,0e3dc801-94e4-4c20-8dcb-d5289f22ec11
2c476d65-9501-4aaf-80ea-c1372e095cd9,جلبة لحام 32 مم UV أسود,مم,0e3dc801-94e4-4c20-8dcb-d5289f22ec11
7367c1ed-3990-4b07-b99d-9334402f2916,جلبة لحام 40 مم,مم,0e3dc801-94e4-4c20-8dcb-d5289f22ec11
62998a20-1fdb-41c5-87e4-0a08a3478698,جلبة لحام 40 مم UV أسود,مم,0e3dc801-94e4-4c20-8dcb-d5289f22ec11
02894383-5bad-4441-b761-12eaaac0a33d,جلبة لحام 50 مم,مم,0e3dc801-94e4-4c20-8dcb-d5289f22ec11
10711f94-3d9d-4304-9bca-4fb4179d6d2b,جلبة لحام 50 مم UV أسود,مم,0e3dc801-94e4-4c20-8dcb-d5289f22ec11
aae3eb85-65dd-4e8f-b0ba-3ab0e4424df0,جلبة لحام 63 مم,مم,0e3dc801-94e4-4c20-8dcb-d5289f22ec11
e1be12ab-e9f1-4173-b4ba-6fc679ee6154,جلبة لحام 63 مم UV أسود,مم,0e3dc801-94e4-4c20-8dcb-d5289f22ec11
8aa6eb50-0840-4e9a-948e-a90a36f739ce,جلبة لحام 75 مم,مم,0e3dc801-94e4-4c20-8dcb-d5289f22ec11
c7abc6fc-73ca-4cf3-9855-b6d727068ec0,جلبة لحام 90 مم,مم,0e3dc801-94e4-4c20-8dcb-d5289f22ec11
09e3659c-05a1-4e57-84bf-8dfb5ca63ecf,صليبة لحام 25 مم UV أسود,مم,0e3dc801-94e4-4c20-8dcb-d5289f22ec11
9b299824-e850-42fb-bd30-75d3414b94f3,صليبة لحام 32 مم UV أسود,مم,0e3dc801-94e4-4c20-8dcb-d5289f22ec11
9a877a6f-471b-4205-a849-b5b30fa677e5,طبة اختبار 1/2 بوصة,1/2,0e3dc801-94e4-4c20-8dcb-d5289f22ec11
56dbc68c-b9a7-4475-9bfc-c1c8f23a4b32,طبة لحام 110 مم,مم,0e3dc801-94e4-4c20-8dcb-d5289f22ec11
4207fce7-eef6-489b-ab3c-328f6bff2c65,طبة لحام 160 مم,مم,0e3dc801-94e4-4c20-8dcb-d5289f22ec11
b1f93869-4ee6-40ee-a3a5-5c486fbd71f3,طبة لحام 20 مم,مم,0e3dc801-94e4-4c20-8dcb-d5289f22ec11
24eb8cf3-8858-4bf4-88e9-7136965ac566,طبة لحام 25 مم,مم,0e3dc801-94e4-4c20-8dcb-d5289f22ec11
a27c4a6f-d281-41c5-afb7-86f839eacb4f,طبة لحام 25 مم UV أسود,مم,0e3dc801-94e4-4c20-8dcb-d5289f22ec11
bf373f7e-d188-4f42-96ea-9244e96501fd,طبة لحام 32 مم,مم,0e3dc801-94e4-4c20-8dcb-d5289f22ec11
9ca6a40e-9085-46df-9556-5b3be9c34d45,طبة لحام 32 مم UV أسود,مم,0e3dc801-94e4-4c20-8dcb-d5289f22ec11
51bc216e-6821-4449-8799-f45755a64d7f,طبة لحام 40 مم,مم,0e3dc801-94e4-4c20-8dcb-d5289f22ec11
d1962309-447f-499e-8d3f-d1cbdd175408,طبة لحام 40 مم UV أسود,مم,0e3dc801-94e4-4c20-8dcb-d5289f22ec11
228b872a-ad95-4ef2-8801-648a4d2367de,طبة لحام 50 مم,مم,0e3dc801-94e4-4c20-8dcb-d5289f22ec11
a4c8169e-9c80-4d9c-bf7a-66720833489b,طبة لحام 50 مم UV أسود,مم,0e3dc801-94e4-4c20-8dcb-d5289f22ec11
5f4d3113-82fb-4c96-8c7f-b2df343d7560,طبة لحام 63 مم,مم,0e3dc801-94e4-4c20-8dcb-d5289f22ec11
8d9cc4b6-57d3-450a-a5fa-c820b93299b7,طبة لحام 63 مم UV أسود,مم,0e3dc801-94e4-4c20-8dcb-d5289f22ec11
1bb84352-6ffd-46c8-8843-9439516a6274,طبة لحام 75 مم,مم,0e3dc801-94e4-4c20-8dcb-d5289f22ec11
b7e9af8b-2d0d-47b2-a966-fa1a4b167e82,طبة لحام 90 مم,مم,0e3dc801-94e4-4c20-8dcb-d5289f22ec11
02594612-55be-42fa-ac04-abecadcc75b2,قفيز PPR 20 مم,مم,0e3dc801-94e4-4c20-8dcb-d5289f22ec11
5cefe5ab-571b-46cf-8cae-b5196126855b,قفيز PPR 25 مم,مم,0e3dc801-94e4-4c20-8dcb-d5289f22ec11
4c6222b8-d0e8-49e8-b158-70400cad1431,قفيز PPR 32 مم,مم,0e3dc801-94e4-4c20-8dcb-d5289f22ec11
5a7b963e-c21f-4455-8512-47cd30f7f6ee,كوع بسن خارجي 1 × 32 مم,مم,0e3dc801-94e4-4c20-8dcb-d5289f22ec11
6d0bae32-c4f1-4687-8370-d113479b8bad,كوع بسن خارجي 2/1 × 20 مم,مم,0e3dc801-94e4-4c20-8dcb-d5289f22ec11
7acbdd6b-4e41-49e6-8c71-5becafd9e341,كوع بسن خارجي 2/1 × 25 مم,مم,0e3dc801-94e4-4c20-8dcb-d5289f22ec11
8d7e3fc8-042b-4b0e-986e-8f0a2275c7a0,كوع بسن خارجي 4/3 × 25 مم,مم,0e3dc801-94e4-4c20-8dcb-d5289f22ec11
43a70340-a8c6-4363-a757-98a74295cee9,كوع بسن داخلي 1 × 32 مم,مم,0e3dc801-94e4-4c20-8dcb-d5289f22ec11
d7723cde-3ef1-4a94-97bc-4e4dcfc5b8b3,كوع بسن داخلي 1/2 × 20 مم,مم,0e3dc801-94e4-4c20-8dcb-d5289f22ec11
941d15a0-0d01-4a0b-b3cb-c80f42547591,كوع بسن داخلي 1/2 × 25 مم,مم,0e3dc801-94e4-4c20-8dcb-d5289f22ec11
aa558652-f0c8-4794-ace7-e366a18c3068,كوع بسن داخلي 4/3 × 25 مم,مم,0e3dc801-94e4-4c20-8dcb-d5289f22ec11
d4af4dd5-7492-4de6-8ba9-8a2c135ca400,كوع بسن داخلي 4/3 × 32 مم,مم,0e3dc801-94e4-4c20-8dcb-d5289f22ec11
67676ac4-5e14-4b6d-adbd-6b9f0a82d851,كوع كرنك قصير 20 مم,مم,0e3dc801-94e4-4c20-8dcb-d5289f22ec11
ffbed123-e6ce-438d-a945-75c19ab9fd88,كوع كرنك قصير 25 مم,مم,0e3dc801-94e4-4c20-8dcb-d5289f22ec11
4b718b53-9cf9-4999-94f4-bb48337b0971,كوع كرنك قصير 32 مم,مم,0e3dc801-94e4-4c20-8dcb-d5289f22ec11
8c0bc17f-fee8-49ca-a8e6-eb308aa40ae3,كوع كرنك لحام 20 مم,مم,0e3dc801-94e4-4c20-8dcb-d5289f22ec11
80de5a33-d948-4c2a-9d87-3ffd75d9467b,كوع كرنك لحام 25 مم,مم,0e3dc801-94e4-4c20-8dcb-d5289f22ec11
1faf9d76-3010-4a6d-955a-4a16893fdd94,كوع كرنك لحام 25 مم,مم,0e3dc801-94e4-4c20-8dcb-d5289f22ec11
aa624e33-707e-4ade-9987-4903e280f3fb,كوع كرنك لحام 32 مم,مم,0e3dc801-94e4-4c20-8dcb-d5289f22ec11
55bb4c57-ed4c-4d67-8417-5f5f6e1eee51,كوع لحام 45 درجة 110 مم,مم,0e3dc801-94e4-4c20-8dcb-d5289f22ec11
9b7b6a3b-b369-40dd-8b18-60d4b5bef652,كوع لحام 45 درجة 160 مم,مم,0e3dc801-94e4-4c20-8dcb-d5289f22ec11
7d824580-43b7-43a5-9b29-078485849b7a,كوع لحام 45 درجة 20 مم,مم,0e3dc801-94e4-4c20-8dcb-d5289f22ec11
59bdbe45-f3b0-4064-88f4-9d237d463a99,كوع لحام 45 درجة 25 مم,مم,0e3dc801-94e4-4c20-8dcb-d5289f22ec11
35c4d4a4-187c-4928-ab47-929108c9156a,كوع لحام 45 درجة 25 مم UV أسود,مم,0e3dc801-94e4-4c20-8dcb-d5289f22ec11
87bbd622-7dae-4af3-8d71-bd1d9c8cffe4,كوع لحام 45 درجة 32 مم,مم,0e3dc801-94e4-4c20-8dcb-d5289f22ec11
f6401c16-321b-4f7b-ac4d-b8caf6b7ad71,كوع لحام 45 درجة 32 مم UV أسود,مم,0e3dc801-94e4-4c20-8dcb-d5289f22ec11
900bc7bd-cf85-49ae-b202-28140f0e9345,كوع لحام 45 درجة 40 مم,مم,0e3dc801-94e4-4c20-8dcb-d5289f22ec11
6b5e0efc-e72a-47e3-a5b1-8a5d80c3e56b,كوع لحام 45 درجة 50 مم,مم,0e3dc801-94e4-4c20-8dcb-d5289f22ec11
0deee250-f0cc-4597-afcd-660daa611f06,كوع لحام 45 درجة 63 مم,مم,0e3dc801-94e4-4c20-8dcb-d5289f22ec11
c9ed405c-3bfe-465a-9d7e-c2c6e0397d94,كوع لحام 45 درجة 75 مم,مم,0e3dc801-94e4-4c20-8dcb-d5289f22ec11
40b0dfa5-0bf5-4a28-a663-38c806d8c7d1,كوع لحام 45 درجة 90 مم,مم,0e3dc801-94e4-4c20-8dcb-d5289f22ec11
c771d3e1-12e8-410c-a2d2-ffd8205a6eb1,كوع لحام 45 درجة ذكر 20 مم,مم,0e3dc801-94e4-4c20-8dcb-d5289f22ec11
32747a22-f1f9-4043-a5ad-6dfc0bd18b33,كوع لحام 45 درجة ذكر 25 مم,مم,0e3dc801-94e4-4c20-8dcb-d5289f22ec11
d9168a60-95b7-4fd9-8928-48800c02a6b5,كوع لحام 90 درجة 110 مم,مم,0e3dc801-94e4-4c20-8dcb-d5289f22ec11
2102f351-ef40-4135-8eeb-6d52423a8825,كوع لحام 90 درجة 160 مم,مم,0e3dc801-94e4-4c20-8dcb-d5289f22ec11
0867bcd6-e44f-405b-b439-944ac207448e,كوع لحام 90 درجة 20 مم,مم,0e3dc801-94e4-4c20-8dcb-d5289f22ec11
90768175-01d4-4b3c-a23d-d6f19774115d,كوع لحام 90 درجة 25 مم,مم,0e3dc801-94e4-4c20-8dcb-d5289f22ec11
48f95019-c8aa-4dc0-ad92-8aed62d43db7,كوع لحام 90 درجة 25 مم UV أسود,مم,0e3dc801-94e4-4c20-8dcb-d5289f22ec11
5aef0cf0-3fa3-429c-8850-f7972e7e57b2,كوع لحام 90 درجة 32 مم,مم,0e3dc801-94e4-4c20-8dcb-d5289f22ec11
f5ccbeaf-cceb-40bb-94dc-6e8fea68b2aa,كوع لحام 90 درجة 32 مم UV أسود,مم,0e3dc801-94e4-4c20-8dcb-d5289f22ec11
2619481e-4ff6-4124-bcd6-69787991db4b,كوع لحام 90 درجة 40 مم,مم,0e3dc801-94e4-4c20-8dcb-d5289f22ec11
84b4ddf8-cb6b-4b36-a403-7b54db65f051,كوع لحام 90 درجة 40 مم UV أسود,مم,0e3dc801-94e4-4c20-8dcb-d5289f22ec11
ca5f4ba2-d1e8-4878-bcc7-952cc967e9ae,كوع لحام 90 درجة 50 مم,مم,0e3dc801-94e4-4c20-8dcb-d5289f22ec11
4a4c1aac-a413-4da9-afad-7f120204aba3,كوع لحام 90 درجة 50 مم UV أسود,مم,0e3dc801-94e4-4c20-8dcb-d5289f22ec11
542787b6-96b0-4240-a999-f298d265dade,كوع لحام 90 درجة 63 مم,مم,0e3dc801-94e4-4c20-8dcb-d5289f22ec11
7c0caadb-420e-47d8-a303-211df81a80c5,كوع لحام 90 درجة 63 مم UV أسود,مم,0e3dc801-94e4-4c20-8dcb-d5289f22ec11
81f2cff4-2815-40d3-942b-460b7a7f8431,كوع لحام 90 درجة 75 مم,مم,0e3dc801-94e4-4c20-8dcb-d5289f22ec11
0919308c-4ac2-45e7-8a67-5455198b5a53,كوع لحام 90 درجة 90 مم,مم,0e3dc801-94e4-4c20-8dcb-d5289f22ec11
0a99b77f-a28b-4ad6-9dc1-d9e6808b3591,كوع لحام 90 درجة ذكر 20 مم,مم,0e3dc801-94e4-4c20-8dcb-d5289f22ec11
6b937c39-44ea-497e-9b54-0aaef77220f9,كوع لحام 90 درجة ذكر 25 مم,مم,0e3dc801-94e4-4c20-8dcb-d5289f22ec11
e3fd4fc3-0ea2-4a4d-a92b-dda1bf025798,كوع لحام طويل 90 درجة 25 مم,مم,0e3dc801-94e4-4c20-8dcb-d5289f22ec11
6626ce14-4642-4200-9555-1c4f11f21615,كوع لحام طويل 90 درجة 25 مم,مم,0e3dc801-94e4-4c20-8dcb-d5289f22ec11
c1386076-53d7-409a-a5e2-39bfb92f26bf,كوع لحام طويل 90 درجة 32 مم,مم,0e3dc801-94e4-4c20-8dcb-d5289f22ec11
f8541612-a289-4043-97d3-630354879a69,كوع لحام طويل 90 درجة 32 مم,مم,0e3dc801-94e4-4c20-8dcb-d5289f22ec11
47e90930-4ed2-496d-8422-fee6d5659ab5,كوع مزدوج 1/2 × 20 مم,مم,0e3dc801-94e4-4c20-8dcb-d5289f22ec11
2e81168b-4883-44f9-97d3-b9e937b36aed,كوع مزدوج بسن داخلي 1/2 × 25 مم,مم,0e3dc801-94e4-4c20-8dcb-d5289f22ec11
b20d4751-83e0-43f0-adb7-b60a932f8bd4,محبس بلية 2 لاكور 110 مم,مم,0e3dc801-94e4-4c20-8dcb-d5289f22ec11
bcc211b7-1f8f-47f1-83cf-8e7cc45d98c5,محبس بلية 2 لاكور 20 مم,مم,0e3dc801-94e4-4c20-8dcb-d5289f22ec11
f16ad2e8-680b-4a60-bd9f-77d929b6ce95,محبس بلية 2 لاكور 25 مم,مم,0e3dc801-94e4-4c20-8dcb-d5289f22ec11
52054644-e957-4892-b199-dd6d3c7c570e,محبس بلية 2 لاكور 32 مم,مم,0e3dc801-94e4-4c20-8dcb-d5289f22ec11
70177cb9-4e6b-41aa-9bca-7ad0cec4016c,محبس بلية 2 لاكور 32 مم أسود,مم,0e3dc801-94e4-4c20-8dcb-d5289f22ec11
70a08449-543e-469e-855d-b56ce801f7ef,محبس بلية 2 لاكور 40 مم,مم,0e3dc801-94e4-4c20-8dcb-d5289f22ec11
2d34f56d-a6ec-4a05-983e-ef8c93f5c22d,محبس بلية 2 لاكور 40 مم أسود,مم,0e3dc801-94e4-4c20-8dcb-d5289f22ec11
de23b0f6-1647-401b-b855-2ab146a906ee,محبس بلية 2 لاكور 50 مم,مم,0e3dc801-94e4-4c20-8dcb-d5289f22ec11
21f35582-49b5-47a7-8802-aaffe4d324c0,محبس بلية 2 لاكور 50 مم أسود,مم,0e3dc801-94e4-4c20-8dcb-d5289f22ec11
f25d5568-17fa-42bb-9065-04afeb8f615b,محبس بلية 2 لاكور 63 مم,مم,0e3dc801-94e4-4c20-8dcb-d5289f22ec11
357a18fc-4fa7-40be-a59a-56a64eeef984,محبس بلية 2 لاكور 63 مم أسود,مم,0e3dc801-94e4-4c20-8dcb-d5289f22ec11
222d883a-e08e-4c56-875f-0c5c1d4ff9a2,محبس بلية 2 لاكور 75 مم,مم,0e3dc801-94e4-4c20-8dcb-d5289f22ec11
124e94d4-aaf3-4856-b45d-37401a6e6bc9,محبس بلية 2 لاكور 90 مم,مم,0e3dc801-94e4-4c20-8dcb-d5289f22ec11
606609b8-7a69-4871-87eb-881ffffef754,محبس دفن 3/4 × 20 مم,مم,0e3dc801-94e4-4c20-8dcb-d5289f22ec11
2c2493c3-eb82-4b6d-9cd8-6d7f71c5dd7e,محبس دفن إيليت 3/4 × 20 مم,مم,0e3dc801-94e4-4c20-8dcb-d5289f22ec11
a0adfbc2-7621-495c-abf8-da3c26736e7e,محبس طارة أخضر 3/4 بوصة,3/4,0e3dc801-94e4-4c20-8dcb-d5289f22ec11
a47d4acf-52f9-4773-8822-70f4a4871694,محبس واي بيد طارة خضراء بسوكت 1/2 × 20 مم,مم,0e3dc801-94e4-4c20-8dcb-d5289f22ec11
69efce05-bc5b-493d-9a25-7c792315097d,محبس واي بيد طارة خضراء بسوكت 3/4 × 25 مم,مم,0e3dc801-94e4-4c20-8dcb-d5289f22ec11
1b7c2f6a-98e7-4a64-8615-cb239428db12,محبس واي بيد طارة خضراء بسوكت 3/4 × 32 مم,مم,0e3dc801-94e4-4c20-8dcb-d5289f22ec11
3f6d46bc-dea7-474a-b272-768880a0abde,مسلوب لحام 110/160 مم B,مم,0e3dc801-94e4-4c20-8dcb-d5289f22ec11
a53b6524-8536-4d41-8ebe-67d99b268c63,مسلوب لحام 20/25 مم,مم,0e3dc801-94e4-4c20-8dcb-d5289f22ec11
4bb6e294-ccbd-4b08-8f0a-8ee65bd16988,مسلوب لحام 20/32 مم,مم,0e3dc801-94e4-4c20-8dcb-d5289f22ec11
7b9b79ac-3e67-497b-a032-0c14aa057587,مسلوب لحام 20/32 مم,مم,0e3dc801-94e4-4c20-8dcb-d5289f22ec11
09ce5388-6579-4ddd-906b-cc6f35a1ac42,مسلوب لحام 20/40 مم,مم,0e3dc801-94e4-4c20-8dcb-d5289f22ec11
5b229aea-72d5-4a67-9224-7e88d6515346,مسلوب لحام 20/50 مم,مم,0e3dc801-94e4-4c20-8dcb-d5289f22ec11
7fea9135-a449-44e9-9acf-944ab64cf978,مسلوب لحام 20/63 مم,مم,0e3dc801-94e4-4c20-8dcb-d5289f22ec11
980300a8-0dee-4a2e-ba89-2054b225a5c7,مسلوب لحام 25/32 مم,مم,0e3dc801-94e4-4c20-8dcb-d5289f22ec11
9d653053-33f3-4b22-aa43-c20eb41a445d,مسلوب لحام 25/32 مم,مم,0e3dc801-94e4-4c20-8dcb-d5289f22ec11
a52b8985-b5dd-4820-8f16-d7cbe7f6d7ea,مسلوب لحام 25/40 مم,مم,0e3dc801-94e4-4c20-8dcb-d5289f22ec11
3e98f099-23a7-4441-bc42-2ae0217c43fe,مسلوب لحام 25/50 مم,مم,0e3dc801-94e4-4c20-8dcb-d5289f22ec11
221cc64c-589e-4edd-bf4b-c67e3858a0b5,مسلوب لحام 25/63 مم,مم,0e3dc801-94e4-4c20-8dcb-d5289f22ec11
b7bdd4ae-086e-4a56-8864-8328b818ddf7,مسلوب لحام 32/40 مم,مم,0e3dc801-94e4-4c20-8dcb-d5289f22ec11
ec86046a-3618-4be7-87c7-5f97b13d718b,مسلوب لحام 32/50 مم,مم,0e3dc801-94e4-4c20-8dcb-d5289f22ec11
c3e1dd8c-70b7-4aad-b640-3567797100d7,مسلوب لحام 32/50 مم,مم,0e3dc801-94e4-4c20-8dcb-d5289f22ec11
c0f79a5a-df83-4d67-974f-080cf54c60a6,مسلوب لحام 32/63 مم,مم,0e3dc801-94e4-4c20-8dcb-d5289f22ec11
d088f619-871d-4041-964c-ffd7b30a67f5,مسلوب لحام 40/50 مم,مم,0e3dc801-94e4-4c20-8dcb-d5289f22ec11
58a235a4-15cb-40c1-98eb-6cc83d1eb0a0,مسلوب لحام 40/50 مم,مم,0e3dc801-94e4-4c20-8dcb-d5289f22ec11
12637452-3646-4f90-93ec-366d55d7a174,مسلوب لحام 40/63 مم,مم,0e3dc801-94e4-4c20-8dcb-d5289f22ec11
426c1b0e-7b96-4fec-a234-2190f8417f82,مسلوب لحام 50/63 مم,مم,0e3dc801-94e4-4c20-8dcb-d5289f22ec11
f000a265-50ca-4209-ac90-f18e9d55cebe,مسلوب لحام 50/63 مم,مم,0e3dc801-94e4-4c20-8dcb-d5289f22ec11
ffec402c-f2e4-4098-ac4b-ba98e1509831,مسلوب لحام 50/75 مم,مم,0e3dc801-94e4-4c20-8dcb-d5289f22ec11
576d13e0-47f6-4ae5-9412-410cf7fc45a5,مسلوب لحام 63/110 مم,مم,0e3dc801-94e4-4c20-8dcb-d5289f22ec11
a9980247-8e8e-48c9-ac97-8ef34c7125ad,مسلوب لحام 63/75 مم,مم,0e3dc801-94e4-4c20-8dcb-d5289f22ec11
76354ac8-baa4-474c-b191-8ead91603321,مسلوب لحام 63/90 مم,مم,0e3dc801-94e4-4c20-8dcb-d5289f22ec11
5278480d-2806-4a01-99c1-2b94ed49a8ab,مسلوب لحام 75/110 مم,مم,0e3dc801-94e4-4c20-8dcb-d5289f22ec11
b89e6228-8e76-4304-a4ad-4ec5db30a0ac,مسلوب لحام 75/90 مم,مم,0e3dc801-94e4-4c20-8dcb-d5289f22ec11
3c4be137-db3d-43bc-89b5-13df106a500e,مسلوب لحام 90/110 مم,مم,0e3dc801-94e4-4c20-8dcb-d5289f22ec11
8ed0856d-3e5c-4da5-b835-cef9e16f9dde,مم 50 مانع ارتداد بﻼكور,مانع,0e3dc801-94e4-4c20-8dcb-d5289f22ec11
99cbf108-5581-4813-92ab-12c5417ed392,مم 63 فﻼنشة لحام,لحام,0e3dc801-94e4-4c20-8dcb-d5289f22ec11
b5d4089e-7144-4f31-96f2-271428efeaae,مم 75 فﻼنشة لحام,لحام,0e3dc801-94e4-4c20-8dcb-d5289f22ec11
cc03a7c0-72ff-4f1a-ac22-78f48da07df5,مم 90 فﻼنشة لحام,لحام,0e3dc801-94e4-4c20-8dcb-d5289f22ec11
cb6939ad-ef07-4259-b080-45309d939c2e,مواسير ألومنيوم PPR SDR6 PN20 م 4 مم 20 أسود,مم,0e3dc801-94e4-4c20-8dcb-d5289f22ec11
3602668d-4271-4bae-be73-348862fe89d7,مواسير ألومنيوم PPR SDR6 PN20 م 4 مم 25 أسود,مم,0e3dc801-94e4-4c20-8dcb-d5289f22ec11
0b2e4542-da62-48e4-a49c-72a802b1bd8b,مواسير ألومنيوم PPR SDR6 PN20 م 4 مم 32 أسود,مم,0e3dc801-94e4-4c20-8dcb-d5289f22ec11
69fbfbb7-d75e-4432-a100-a0150313d770,مواسير ألومنيوم PPR SDR6 PN20 م 4 مم 50 أسود,مم,0e3dc801-94e4-4c20-8dcb-d5289f22ec11
1699196a-6547-49cd-927c-19586deae5ab,مواسير ألومنيوم PPR SDR6 PN20 م 4 مم 63 أسود,مم,0e3dc801-94e4-4c20-8dcb-d5289f22ec11
33942dad-7f40-4ae9-ac2e-a21005bc4c84,مواسير ألومنيوم PPR SDR7.4PN16 م 4 مم 25 أسود,مم,0e3dc801-94e4-4c20-8dcb-d5289f22ec11
d7d2fda8-3eac-4970-8354-e1f0ad0c7ac7,مواسير ألومنيوم PPR SDR7.4PN16 م 4 مم 32 أسود,مم,0e3dc801-94e4-4c20-8dcb-d5289f22ec11
59a98ab6-b980-4e94-940c-63d19d94a566,مواسير فايبر PPR SDR6 PN20 مم 110 أسود,مم,0e3dc801-94e4-4c20-8dcb-d5289f22ec11
3ec24185-65ba-4641-b7c8-4834cf06e1c5,مواسير فايبر PPR SDR6 PN20 مم 20 أسود,مم,0e3dc801-94e4-4c20-8dcb-d5289f22ec11
c23ec60e-4718-4a6e-9223-2b5821551c8d,مواسير فايبر PPR SDR6 PN20 مم 25 أسود,مم,0e3dc801-94e4-4c20-8dcb-d5289f22ec11
d75a4d26-26f0-4855-83f5-ce8067935e6b,مواسير فايبر PPR SDR6 PN20 مم 32 أسود,مم,0e3dc801-94e4-4c20-8dcb-d5289f22ec11
7f59e84a-5bae-4618-a32e-ebd09ce68040,مواسير فايبر PPR SDR6 PN20 مم 40 أسود,مم,0e3dc801-94e4-4c20-8dcb-d5289f22ec11
46682859-d782-4222-a05f-c6ca0c381b62,مواسير فايبر PPR SDR6 PN20 مم 50 أسود,مم,0e3dc801-94e4-4c20-8dcb-d5289f22ec11
4885e2c7-438d-4bf3-86b0-33b3e1175c9b,مواسير فايبر PPR SDR6 PN20 مم 63 أسود,مم,0e3dc801-94e4-4c20-8dcb-d5289f22ec11
17f3c4ea-9fd0-40f0-90da-a399366693b0,مواسير فايبر PPR SDR6 PN20 مم 75 أسود,مم,0e3dc801-94e4-4c20-8dcb-d5289f22ec11
0f7ffd46-7cff-4c16-bb18-9e48a5bcd6fe,مواسير فايبر PPR SDR6 PN20 مم 90 أسود,مم,0e3dc801-94e4-4c20-8dcb-d5289f22ec11
4eea6389-4ccd-4c54-915c-635738b73889,مواسير فايبر PPR SDR7.4 PN16 مم 110 أسود,مم,0e3dc801-94e4-4c20-8dcb-d5289f22ec11
eb7a4191-6267-42df-ae0e-55414397ad03,مواسير فايبر PPR SDR7.4 PN16 مم 20 أسود,مم,0e3dc801-94e4-4c20-8dcb-d5289f22ec11
9e83d5dd-993f-44c5-87f5-d1e6513bccd9,مواسير فايبر PPR SDR7.4 PN16 مم 25 أسود,مم,0e3dc801-94e4-4c20-8dcb-d5289f22ec11
14bb2972-bd2e-4963-a0df-1393176d8ce9,مواسير فايبر PPR SDR7.4 PN16 مم 32 أسود,مم,0e3dc801-94e4-4c20-8dcb-d5289f22ec11
5b46e7ae-c6e5-464f-9613-9255599b32d1,مواسير فايبر PPR SDR7.4 PN16 مم 40 أسود,مم,0e3dc801-94e4-4c20-8dcb-d5289f22ec11
8495ab2b-7843-4e10-8dd9-f568468fa969,مواسير فايبر PPR SDR7.4 PN16 مم 50 أسود,مم,0e3dc801-94e4-4c20-8dcb-d5289f22ec11
7b657751-6dc5-461c-8620-f5804bddf770,مواسير فايبر PPR SDR7.4 PN16 مم 63 أسود,مم,0e3dc801-94e4-4c20-8dcb-d5289f22ec11
2a009a20-dd2e-41a3-86af-58078b57febf,مواسير فايبر PPR SDR7.4 PN16 مم 75 أسود,مم,0e3dc801-94e4-4c20-8dcb-d5289f22ec11
6b019ee5-bcd8-40b0-94a2-48b74b5f8be2,مواسير فايبر PPR SDR7.4 PN16 مم 90 أسود,مم,0e3dc801-94e4-4c20-8dcb-d5289f22ec11
cdb3b361-b699-4b41-9fc6-d3cbd7f2e2e7,مواسير لحام PPR SDR11 PN10 م 4 مم 110,مم,0e3dc801-94e4-4c20-8dcb-d5289f22ec11
17d09f58-8983-44b3-87ac-b727281f2ab6,مواسير لحام PPR SDR11 PN10 م 4 مم 160,مم,0e3dc801-94e4-4c20-8dcb-d5289f22ec11
342714b5-a099-40ee-ba9b-7a2c3c6928bc,مواسير لحام PPR SDR11 PN10 م 4 مم 32,مم,0e3dc801-94e4-4c20-8dcb-d5289f22ec11
5c15c2c9-1fb6-4181-9aca-94e9e3d12805,مواسير لحام PPR SDR11 PN10 م 4 مم 50,مم,0e3dc801-94e4-4c20-8dcb-d5289f22ec11
072a3681-e576-4266-a876-61c6fe523356,مواسير لحام PPR SDR11 PN10 م 4 مم 63,مم,0e3dc801-94e4-4c20-8dcb-d5289f22ec11
a70ae2bd-1daf-45a6-89f1-b4cbb5bee57b,مواسير لحام PPR SDR11 PN10 م 4 مم 75,مم,0e3dc801-94e4-4c20-8dcb-d5289f22ec11
7d0a56f3-bd6d-498b-bc2e-91b471e5dab2,مواسير لحام PPR SDR11 PN10 م 4 مم 90,مم,0e3dc801-94e4-4c20-8dcb-d5289f22ec11
cfb42948-11dc-4e78-afae-1d93926ec28a,مواسير لحام PPR SDR6 PN20 م 4 مم 110,مم,0e3dc801-94e4-4c20-8dcb-d5289f22ec11
6eb2e841-d758-4ba2-aef2-6d1007cfb5c6,مواسير لحام PPR SDR6 PN20 م 4 مم 160,مم,0e3dc801-94e4-4c20-8dcb-d5289f22ec11
601dedd2-6b7b-4118-8482-84645db4f196,مواسير لحام PPR SDR6 PN20 م 4 مم 20,مم,0e3dc801-94e4-4c20-8dcb-d5289f22ec11
7f14d482-b58a-445c-b761-b9dca3237fb8,مواسير لحام PPR SDR6 PN20 م 4 مم 25,مم,0e3dc801-94e4-4c20-8dcb-d5289f22ec11
a20584c6-f973-4aba-9c26-cc0f32c43ff7,مواسير لحام PPR SDR6 PN20 م 4 مم 32,مم,0e3dc801-94e4-4c20-8dcb-d5289f22ec11
eb59d9fc-ada7-4817-94fd-3d83e3e7e6f9,مواسير لحام PPR SDR6 PN20 م 4 مم 40,مم,0e3dc801-94e4-4c20-8dcb-d5289f22ec11
eaf465e3-3a8a-436e-a48d-a9762c8fe224,مواسير لحام PPR SDR6 PN20 م 4 مم 50,مم,0e3dc801-94e4-4c20-8dcb-d5289f22ec11
ec6a02e2-7df0-4e0c-9eda-3790ddcb2080,مواسير لحام PPR SDR6 PN20 م 4 مم 63,مم,0e3dc801-94e4-4c20-8dcb-d5289f22ec11
2548f265-2e27-4292-9638-ce1ca9ba5da3,مواسير لحام PPR SDR6 PN20 م 4 مم 75,مم,0e3dc801-94e4-4c20-8dcb-d5289f22ec11
affee3fc-b3c8-4696-b2d5-83d735e8507b,مواسير لحام PPR SDR6 PN20 م 4 مم 90,مم,0e3dc801-94e4-4c20-8dcb-d5289f22ec11
e11ed01b-b016-47b0-acf7-10bf99642694,مواسير لحام PPR SDR7.4 PN16 م 4 مم 110,مم,0e3dc801-94e4-4c20-8dcb-d5289f22ec11
b49f7f65-a836-476b-8b66-a48db0bf1dba,مواسير لحام PPR SDR7.4 PN16 م 4 مم 160,مم,0e3dc801-94e4-4c20-8dcb-d5289f22ec11
155b1c38-5e26-47ae-98de-10e97819fefa,مواسير لحام PPR SDR7.4 PN16 م 4 مم 20,مم,0e3dc801-94e4-4c20-8dcb-d5289f22ec11
cee1444b-77ed-4f45-b2a7-d04f68b09cdc,مواسير لحام PPR SDR7.4 PN16 م 4 مم 25,مم,0e3dc801-94e4-4c20-8dcb-d5289f22ec11
69d2096d-82d4-4e55-8659-190faf2ec420,مواسير لحام PPR SDR7.4 PN16 م 4 مم 32,مم,0e3dc801-94e4-4c20-8dcb-d5289f22ec11
4068f8c0-c29c-490e-b6ce-2fc91c9c1dfa,مواسير لحام PPR SDR7.4 PN16 م 4 مم 40,مم,0e3dc801-94e4-4c20-8dcb-d5289f22ec11
3e5be3b0-461c-4b56-806c-94b4597b237b,مواسير لحام PPR SDR7.4 PN16 م 4 مم 50,مم,0e3dc801-94e4-4c20-8dcb-d5289f22ec11
95860a0c-e29a-47ec-9b48-e6a53fa1f28e,مواسير لحام PPR SDR7.4 PN16 م 4 مم 63,مم,0e3dc801-94e4-4c20-8dcb-d5289f22ec11
293817cd-b1ca-4ffa-96c4-f6d6cf796cf9,مواسير لحام PPR SDR7.4 PN16 م 4 مم 75,مم,0e3dc801-94e4-4c20-8dcb-d5289f22ec11
0c1fa562-c6ff-40d1-96a2-156b2b725abf,مواسير لحام PPR SDR7.4 PN16 م 4 مم 90,مم,0e3dc801-94e4-4c20-8dcb-d5289f22ec11
a4b7b2f9-df6b-4292-a9ac-d44a149a0a11,مواسير لحام PPRCTSDR11PN16 م 4 مم 160,مم,0e3dc801-94e4-4c20-8dcb-d5289f22ec11
3af213af-9fed-4202-be93-a3febb9e7a4e,واي فلتر بسوكت 1/2 × 20 مم,مم,0e3dc801-94e4-4c20-8dcb-d5289f22ec11
a531b653-8741-419d-8ca9-a9b02bb79d76,واي فلتر بسوكت 3/4 × 25 مم,مم,0e3dc801-94e4-4c20-8dcb-d5289f22ec11
2597b055-d041-43e2-9423-290e6a7a6f9f,واي فلتر بسوكت 3/4 × 32 مم,مم,0e3dc801-94e4-4c20-8dcb-d5289f22ec11
e946a2e6-c8fa-44fe-b0eb-decac05ff32c,وصلة بسن خارجي 1*32 مم,مم,0e3dc801-94e4-4c20-8dcb-d5289f22ec11
cee9f73b-f80d-4ce0-974b-5c6bee61550c,وصلة بسن خارجي 1*32 مم,مم,0e3dc801-94e4-4c20-8dcb-d5289f22ec11
13fb57b7-e34a-4ad9-8751-a98f0dbd1dfe,وصلة بسن خارجي 1/2*20 مم,مم,0e3dc801-94e4-4c20-8dcb-d5289f22ec11
a8c161d1-9b04-4bc4-8e03-c9222d38d742,وصلة بسن خارجي 1/2*25 مم,مم,0e3dc801-94e4-4c20-8dcb-d5289f22ec11
545b469a-dbdc-4b24-b653-339f5d2a137f,وصلة بسن خارجي 1/2-1*50 مم,مم,0e3dc801-94e4-4c20-8dcb-d5289f22ec11
0ba80fa2-b250-4043-bd5c-56f224cae31e,وصلة بسن خارجي 1/2-1*50 مم,مم,0e3dc801-94e4-4c20-8dcb-d5289f22ec11
0a9fe948-4435-4b34-8e19-757d972787a9,وصلة بسن خارجي 1/2-2*75 مم,مم,0e3dc801-94e4-4c20-8dcb-d5289f22ec11
6bef6e10-9104-49bb-b4a0-d70f50da8bcf,وصلة بسن خارجي 2*63 مم,مم,0e3dc801-94e4-4c20-8dcb-d5289f22ec11
c97f99bb-2662-4404-9fa5-cd144ddf93f2,وصلة بسن خارجي 2*63 مم,مم,0e3dc801-94e4-4c20-8dcb-d5289f22ec11
7e36749c-b5d9-47a9-bc14-488fe06c938b,وصلة بسن خارجي 3*90 مم,مم,0e3dc801-94e4-4c20-8dcb-d5289f22ec11
ca757cca-dd90-4e50-afed-f15f33c54e72,وصلة بسن خارجي 3/4*25 مم,مم,0e3dc801-94e4-4c20-8dcb-d5289f22ec11
fe98fd3c-3106-4918-ae63-2151f9eff0b6,وصلة بسن خارجي 4*110 مم,مم,0e3dc801-94e4-4c20-8dcb-d5289f22ec11
fd23723b-0682-4612-9ca1-c468904304d4,وصلة بسن خارجي 4/1-1*40 مم,مم,0e3dc801-94e4-4c20-8dcb-d5289f22ec11
bdf04f75-0917-4dfb-9b43-cb5d1aaf8c01,وصلة بسن خارجي 4/1-1*40 مم,مم,0e3dc801-94e4-4c20-8dcb-d5289f22ec11
92f1ffee-79c7-4b88-a46f-7cace889f73d,وصلة بسن خارجي 4/3*32 مم,مم,0e3dc801-94e4-4c20-8dcb-d5289f22ec11
12363717-dd9f-458c-91a9-4cc2efbec555,وصلة بسن خارجي 4/3*32 مم,مم,0e3dc801-94e4-4c20-8dcb-d5289f22ec11
d381fb49-ad4a-4af9-bc71-ceac645c4630,وصلة بسن داخلي 1*32 مم,مم,0e3dc801-94e4-4c20-8dcb-d5289f22ec11
e2637f45-9838-4a23-bfdc-2edd5635a7f1,وصلة بسن داخلي 1*32 مم,مم,0e3dc801-94e4-4c20-8dcb-d5289f22ec11
d0c422c2-b1f6-4e17-9309-f07746cba5ea,وصلة بسن داخلي 1/2*20 مم,مم,0e3dc801-94e4-4c20-8dcb-d5289f22ec11
4ac398e7-2fd4-4e1f-9034-39e1ea343484,وصلة بسن داخلي 1/2*25 مم,مم,0e3dc801-94e4-4c20-8dcb-d5289f22ec11
d1868c81-1168-4e95-be05-5a28c5546275,وصلة بسن داخلي 1/2-1*50 مم,مم,0e3dc801-94e4-4c20-8dcb-d5289f22ec11
91b43f59-8598-4a05-9d30-3e7e02d8c75d,وصلة بسن داخلي 1/2-1*50 مم,مم,0e3dc801-94e4-4c20-8dcb-d5289f22ec11
782fbcfc-7633-4a10-808c-96dc2b66163b,وصلة بسن داخلي 1/2-2*75 مم,مم,0e3dc801-94e4-4c20-8dcb-d5289f22ec11
14ee06d9-41c5-4d15-957f-4373892eaf71,وصلة بسن داخلي 2*63 مم,مم,0e3dc801-94e4-4c20-8dcb-d5289f22ec11
fd95946b-3ddc-4213-8122-ac9761acd9e1,وصلة بسن داخلي 2*63 مم,مم,0e3dc801-94e4-4c20-8dcb-d5289f22ec11
66be6235-ae34-44e3-b21c-5e22d435a82d,وصلة بسن داخلي 3*90 مم,مم,0e3dc801-94e4-4c20-8dcb-d5289f22ec11
70df2edb-8c1d-4cb6-9e20-7dc9582bfa99,وصلة بسن داخلي 3/4*32 مم,مم,0e3dc801-94e4-4c20-8dcb-d5289f22ec11
be973bd5-d013-4e27-b07d-06144aefda54,وصلة بسن داخلي 3/4*32 مم,مم,0e3dc801-94e4-4c20-8dcb-d5289f22ec11
4873279b-96da-43ab-9ab5-ee4e68af8889,وصلة بسن داخلي 4*110 مم,مم,0e3dc801-94e4-4c20-8dcb-d5289f22ec11
82eeca29-d2a3-4371-8846-9104d9afdb8c,وصلة بسن داخلي 4/1-1*40 مم,مم,0e3dc801-94e4-4c20-8dcb-d5289f22ec11
84a945dc-878f-4099-8529-737b5d802b26,وصلة بسن داخلي 4/1-1*40 مم,مم,0e3dc801-94e4-4c20-8dcb-d5289f22ec11
28ae139c-eb24-4f0b-ae29-4608d7169833,وصلة بسن داخلي 4/3*25 مم,مم,0e3dc801-94e4-4c20-8dcb-d5289f22ec11
48012a2f-4150-4942-aaf5-1663131f24a1,وصلة لياكور بسن خارجي 2 × 50 مم أسود,مم,0e3dc801-94e4-4c20-8dcb-d5289f22ec11
c39e9d34-b557-40c8-8d69-0478565898f6,وصلة لياكور بسن داخلي 2 × 50 مم أسود,مم,0e3dc801-94e4-4c20-8dcb-d5289f22ec11
9eb142a5-248b-4318-8a97-49addb6382ed,وصلة لياكور طويلة بسن خارجي 1 × 32 مم,مم,0e3dc801-94e4-4c20-8dcb-d5289f22ec11
f702c22a-5828-47f4-b443-cd10eb71dade,وصلة لياكور طويلة بسن خارجي 1 × 32 مم أسود,مم,0e3dc801-94e4-4c20-8dcb-d5289f22ec11
b2896a39-df96-4179-9f97-8414e21bfed3,وصلة لياكور طويلة بسن خارجي 1/2 × 50 مم,مم,0e3dc801-94e4-4c20-8dcb-d5289f22ec11
4048b504-466c-4a60-aa25-fd480a68a024,وصلة لياكور طويلة بسن خارجي 2/1 × 20 مم,مم,0e3dc801-94e4-4c20-8dcb-d5289f22ec11
04aa2790-dbc4-40be-801f-fa296ad22140,وصلة لياكور طويلة بسن خارجي 3/4 × 25 مم,مم,0e3dc801-94e4-4c20-8dcb-d5289f22ec11
c7910388-8011-4ac0-935d-4a74543a12a6,وصلة لياكور طويلة بسن داخلي 1 × 32 مم,مم,0e3dc801-94e4-4c20-8dcb-d5289f22ec11
2366504a-87ed-4daf-b4e2-a480237ae284,وصلة لياكور طويلة بسن داخلي 1 × 32 مم أسود,مم,0e3dc801-94e4-4c20-8dcb-d5289f22ec11
808533b1-f503-4d5b-9fdc-d2d4d236a156,وصلة لياكور طويلة بسن داخلي 1/2 × 50 مم,مم,0e3dc801-94e4-4c20-8dcb-d5289f22ec11
daed4a53-0df7-44a1-914c-5d9356e77592,وصلة لياكور طويلة بسن داخلي 1/4 × 40 مم,مم,0e3dc801-94e4-4c20-8dcb-d5289f22ec11
41b3865d-790d-49fb-a59e-1ed5c855f03c,وصلة لياكور طويلة بسن داخلي 2/1 × 20 مم,مم,0e3dc801-94e4-4c20-8dcb-d5289f22ec11
9f8cd77e-089e-462d-80da-ba33d985185c,وصلة لياكور طويلة بسن داخلي 3/4 × 25 مم,مم,0e3dc801-94e4-4c20-8dcb-d5289f22ec11
